<?xml version="1.0" encoding="UTF-8"?><rss version="2.0"
	xmlns:content="http://purl.org/rss/1.0/modules/content/"
	xmlns:wfw="http://wellformedweb.org/CommentAPI/"
	xmlns:dc="http://purl.org/dc/elements/1.1/"
	xmlns:atom="http://www.w3.org/2005/Atom"
	xmlns:sy="http://purl.org/rss/1.0/modules/syndication/"
	xmlns:slash="http://purl.org/rss/1.0/modules/slash/"
	>

<channel>
	<title>Eventi &#8211; Esericizio2</title>
	<atom:link href="http://localhost/esercizio2/category/eventi/feed/?simply_static_page=80" rel="self" type="application/rss+xml" />
	<link></link>
	<description></description>
	<lastBuildDate>Wed, 01 Mar 2023 16:16:08 +0000</lastBuildDate>
	<language>it-IT</language>
	<sy:updatePeriod>
	hourly	</sy:updatePeriod>
	<sy:updateFrequency>
	1	</sy:updateFrequency>
	<generator>https://wordpress.org/?v=6.1.1</generator>
	<item>
		<title>Dove andare con i bambini a febbraio 2023: gli eventi per le famiglie</title>
		<link>/blog-2/</link>
					<comments>/blog-2/#respond</comments>
		
		<dc:creator><![CDATA[Roberta]]></dc:creator>
		<pubDate>Wed, 01 Mar 2023 15:40:56 +0000</pubDate>
				<category><![CDATA[Eventi]]></category>
		<guid isPermaLink="false">/?p=53</guid>

					<description><![CDATA[Dove andare con i bambini a febbraio 2023: gli eventi per le famiglie Febbraio è il mese del Carnevale, ma non solo! Gli eventi per bambini a febbraio parlano di neve, di entusiasmanti avventure nei musei e nei castelli, di cibi gustosi assaggiati all’aperto o in prestigiose location delle nostre città. Gli eventi di febbraio &#8230;<p class="read-more"> <a class="" href="/blog-2/"> <span class="screen-reader-text">Dove andare con i bambini a febbraio 2023: gli eventi per le famiglie</span> Leggi altro &#187;</a></p>]]></description>
										<content:encoded><![CDATA[
<h2 class="has-ast-global-color-1-color has-text-color">Dove andare con i bambini a febbraio 2023: gli eventi per le famiglie</h2>



<p><em>Febbraio è il mese del Carnevale, ma non solo! Gli eventi per bambini a febbraio parlano di neve, di entusiasmanti avventure nei musei e nei castelli, di cibi gustosi assaggiati all’aperto o in prestigiose location delle nostre città. Gli eventi di febbraio sono tutti da scoprire</em>.</p>



<figure class="is-layout-flex wp-block-gallery-1 wp-block-gallery has-nested-images columns-default is-cropped">
<figure class="wp-block-image size-large"><img decoding="async" width="1024" height="683" data-id="54"  src="/wp-content/uploads/2023/03/pexels-photo-754769-1024x683.webp" alt="" class="wp-image-54" srcset="/wp-content/uploads/2023/03/pexels-photo-754769-1024x683.webp 1024w, /wp-content/uploads/2023/03/pexels-photo-754769-300x200.webp 300w, /wp-content/uploads/2023/03/pexels-photo-754769-768x512.webp 768w, /wp-content/uploads/2023/03/pexels-photo-754769-1536x1024.webp 1536w, /wp-content/uploads/2023/03/pexels-photo-754769-2048x1365.webp 2048w" sizes="(max-width: 1024px) 100vw, 1024px" /></figure>
</figure>



<h2>A Roma si va a scuola di magia…</h2>



<figure class="wp-block-image alignleft"><img decoding="async" src="https://familygo.b-cdn.net/wp-content/uploads/2022/02/Supermagic-Incantesimi.jpg" alt="Supermagic, festival di magia a Roma" class="wp-image-108674"/></figure>



<p><strong>Dal 2 al 12 febbraio</strong>&nbsp;arriva al Teatro Brancaccio di&nbsp;<strong><a rel="noreferrer noopener" href="https://www.familygo.eu/vacanze-con-bambini/viaggi/roma/roma_itinerari_bambini/" target="_blank">Roma</a></strong>&nbsp;<a href="https://www.supermagic.it/supermagic-incantesimi-2023/">Supermagic 2023 Incantesimi</a>, la 19° edizione del festival internazionale della magia che porta ogni anno nella Capitale i più grandi artisti, prestigiatori e illusionisti, dai migliori varietà e spettacoli di tutto il mondo. Gli spettacoli si tengono dal lunedì al venerdì alle 21, il sabato alle 16.30 e 21, la domenica alle 15 e 18.30.</p>



<p></p>



<p></p>



<h2>“Notte con gli squali” all’Acquario di Genova</h2>



<p>All’<strong>Acquario di&nbsp;<a href="https://www.familygo.eu/vacanze-con-bambini/viaggi/genova/weekend-a-genova-con-i-bambini/">Genova</a></strong>&nbsp;i bambini tra i 7 e gli 11 anni possono trascorrere una suggestiva esperienza alla scoperta dell’ambiente marino notturno. L’appuntamento di “<a href="https://www.familygo.eu/vacanze-con-bambini/eventi/genova/acquario-notte-con-gli-squali-date/">Notte con gli squali</a>” prevede una visita dell’Acquario per osservare come i suoi ospiti si comportano al calare del sole, la nanna davanti alla vasca dei predatori del mare, il risveglio e la colazione finale. Appuntamento almeno una volta al mese a partire dal 6 gennaio. Gli altri appuntamenti del mese:&nbsp;<strong>4 e 25 febbraio</strong>. Prenotazione presso C-Way, tour operator dell’edutainment.</p>



<h2>Il MUSE per i piccoli: a Trento scienza e scoperte per bambini da 0 a 6 anni</h2>



<figure class="wp-block-image alignleft"><img decoding="async" src="https://familygo.b-cdn.net/wp-content/uploads/2023/01/Muse_Shooting_4AprileMichelePurin_Web_59.jpg" alt="Il MUSE per i piccoli: attività per bambini 0-6 anni" class="wp-image-109505"/></figure>



<p>Al&nbsp;<strong><a href="https://www.familygo.eu/vacanze-con-bambini/musei/trento/muse-trento-con-bambini-recensione/">MUSE – Museo delle Scienze&nbsp;di&nbsp;Trento</a></strong>&nbsp;sono in arrivo tre mesi dedicati ai più piccoli. Nel&nbsp;Trentino&nbsp;terra dei bambini e nel museo interattivo a misura di famiglia dove toccare, curiosare, scoprire è d’obbligo,&nbsp;<strong>dal 9 febbraio al 24 maggio</strong>, ogni mese sono in programma tre&nbsp;appuntamenti dedicati all’esplorazione dei sensi&nbsp;nello&nbsp;spazio Maxi Ooh. Destinatari di&nbsp;<a href="https://www.familygo.eu/vacanze-con-bambini/musei/trento/muse-per-i-piccoli/">MUSE per i piccoli</a>&nbsp;sono appunto i più piccolini, i bambini della&nbsp;fascia 0-6 anni, per i quali ogni giorno porta con sé una scoperta e una conquista. Questo il calendario del mese:&nbsp;<strong>giovedì 9 febbraio</strong>&nbsp;(ore 16.30) “Ottone, primitivo col nasone” (per bambini da 3 a 6 anni);&nbsp;<strong>mercoledì 15 febbraio</strong>&nbsp;(ore 16.30) “I balli plastici di Depero” (per bambini da 2 a 6 anni);&nbsp;<strong>giovedì 23 febbraio</strong>&nbsp;(ore 16.30) “Il signor formica” (per bambini da 3 a 6 anni).</p>



<p></p>



<h2>Febbraio al MUSME, il Museo di Storia della Medicina di Padova</h2>



<figure class="wp-block-image alignleft"><img decoding="async" src="https://familygo.b-cdn.net/wp-content/uploads/2017/09/veneto-padova-museo-della-medicina-musme7-300x200.jpg" alt="" class="wp-image-40953"/></figure>



<p>A&nbsp;<strong><a href="https://www.familygo.eu/vacanze-con-bambini/destinazioni/europa/italia/veneto/padova/">Padova</a></strong>, in un palazzo&nbsp;quattrocentesco che fu sede del primo ospedale padovano di San Francesco Grande, ha sede il&nbsp;<a href="https://www.familygo.eu/vacanze-con-bambini/musei/padova/musme-con-bambini-museo-medicina/"><strong>MUSME – Museo di Storia della Medicina</strong></a>, una realtà museale di nuova generazione che racconta ai bambini, e agli adulti, il percorso della Medicina da disciplina antica a scienza moderna, con particolare attenzione alla storia della Scuola medica padovana. Ricco il calendario di proposte didattiche per le famiglie e i bambini da 6 a 10 anni, “<a href="https://www.musme.it/esperimusme/">EsperiMUSME</a>“, laboratori didattici con lo scopo di avvicinare i bambini che frequentano la scuola primaria a tematiche quali il corpo umano, l’igiene, l’alimentazione, i cinque sensi, la genetica. Tutti i laboratori prevedono due momenti: uno più scientifico, ricco di spiegazioni e confronti sul tema trattato, l’altro più ludico, per coinvolgere con giochi ed esperimenti ogni fascia d’età. Prossimi appuntamenti:&nbsp;<strong>11 febbraio&nbsp;</strong>(ore 15.30),<strong>&nbsp;16 febbraio&nbsp;</strong>(ore 16.30) e<strong>&nbsp;21 febbraio</strong>&nbsp;(ore 17).</p>
]]></content:encoded>
					
					<wfw:commentRss>/blog-2/feed/</wfw:commentRss>
			<slash:comments>0</slash:comments>
		
		
			</item>
	</channel>
</rss>
