<?xml version="1.0" encoding="UTF-8"?><rss version="2.0"
	xmlns:content="http://purl.org/rss/1.0/modules/content/"
	xmlns:dc="http://purl.org/dc/elements/1.1/"
	xmlns:atom="http://www.w3.org/2005/Atom"
	xmlns:sy="http://purl.org/rss/1.0/modules/syndication/"
	
	>
<channel>
	<title>
	Commenti a: Dove andare con i bambini a febbraio 2023: gli eventi per le famiglie	</title>
	<atom:link href="http://localhost/esercizio2/blog-2/feed/?simply_static_page=68" rel="self" type="application/rss+xml" />
	<link>/blog-2/</link>
	<description></description>
	<lastBuildDate>Wed, 01 Mar 2023 16:16:08 +0000</lastBuildDate>
	<sy:updatePeriod>
	hourly	</sy:updatePeriod>
	<sy:updateFrequency>
	1	</sy:updateFrequency>
	<generator>https://wordpress.org/?v=6.1.1</generator>
</channel>
</rss>
