<?xml version="1.0" encoding="UTF-8"?><rss version="2.0"
	xmlns:content="http://purl.org/rss/1.0/modules/content/"
	xmlns:wfw="http://wellformedweb.org/CommentAPI/"
	xmlns:dc="http://purl.org/dc/elements/1.1/"
	xmlns:atom="http://www.w3.org/2005/Atom"
	xmlns:sy="http://purl.org/rss/1.0/modules/syndication/"
	xmlns:slash="http://purl.org/rss/1.0/modules/slash/"
	>

<channel>
	<title>Roberta &#8211; Esericizio2</title>
	<atom:link href="http://localhost/esercizio2/author/roberta/feed/?simply_static_page=75" rel="self" type="application/rss+xml" />
	<link></link>
	<description></description>
	<lastBuildDate>Wed, 01 Mar 2023 16:16:08 +0000</lastBuildDate>
	<language>it-IT</language>
	<sy:updatePeriod>
	hourly	</sy:updatePeriod>
	<sy:updateFrequency>
	1	</sy:updateFrequency>
	<generator>https://wordpress.org/?v=6.1.1</generator>
	<item>
		<title>California on the road: itinerario di 10 giorni</title>
		<link>/blog-viaggi-2/</link>
					<comments>/blog-viaggi-2/#respond</comments>
		
		<dc:creator><![CDATA[Roberta]]></dc:creator>
		<pubDate>Wed, 01 Mar 2023 16:12:36 +0000</pubDate>
				<category><![CDATA[Viaggi]]></category>
		<guid isPermaLink="false">/?p=77</guid>

					<description><![CDATA[California on the road: itinerario di 10 giorni Itinerario California on the road Ecco quali sono state le tappe dei miei 10 giorni on road in California. Se cercate invece tour e&#160;attività specifiche da fare in California, date un occhio alle&#160;migliori proposte di Getyourguide. Prezzi California on The Road Volo: 800 euro circa (ma io &#8230;<p class="read-more"> <a class="" href="/blog-viaggi-2/"> <span class="screen-reader-text">California on the road: itinerario di 10 giorni</span> Leggi altro &#187;</a></p>]]></description>
										<content:encoded><![CDATA[
<h2 class="has-ast-global-color-1-color has-text-color">California on the road: itinerario di 10 giorni</h2>



<figure class="is-layout-flex wp-block-gallery-1 wp-block-gallery has-nested-images columns-default is-cropped">
<figure class="wp-block-image size-large"><img decoding="async" width="1024" height="640" data-id="78"  src="/wp-content/uploads/2023/03/pexels-photo-1141853-1024x640.webp" alt="" class="wp-image-78" srcset="/wp-content/uploads/2023/03/pexels-photo-1141853-1024x640.webp 1024w, /wp-content/uploads/2023/03/pexels-photo-1141853-300x188.webp 300w, /wp-content/uploads/2023/03/pexels-photo-1141853-768x480.webp 768w, /wp-content/uploads/2023/03/pexels-photo-1141853-1536x960.webp 1536w, /wp-content/uploads/2023/03/pexels-photo-1141853-2048x1280.webp 2048w" sizes="(max-width: 1024px) 100vw, 1024px" /></figure>
</figure>



<h2><strong>Itinerario California on the road</strong></h2>



<p>Ecco quali sono state le tappe dei miei 10 giorni on road in California.</p>



<p>Se cercate invece tour e&nbsp;<strong>attività specifiche da fare in California</strong>, date un occhio alle&nbsp;<a href="https://www.getyourguide.it/s/?q=california&amp;customerSearch=true&amp;partner_id=DB4NIS1&amp;utm_medium=online_publisher&amp;placement=content-top&amp;cmp=California&amp;deeplink_id=8cc43fc7-3fb1-538a-a875-0e00e148ab0d" target="_blank" rel="noreferrer noopener">migliori proposte di Getyourguide</a>.</p>



<h2><strong>Prezzi California on The Road</strong></h2>



<p><strong>Volo</strong>: 800 euro circa (ma io l’ho prenotato all’ultimo minuto e ci sono andata in agosto, voi potete fare molto meglio prenotando in anticipo ed evitando l’alta stagione).</p>



<p><strong>Hotel</strong>: 40 euro a notte circa</p>



<p><strong>Ristoranti e divertimenti</strong>: 50 euro al giorno circa</p>



<p><strong>Noleggio auto</strong>: 40 euro al giorno circa</p>



<p>Considerate poi che dovete contare dei&nbsp;<strong>soldi per la benzina</strong>, ma dato che il prezzo varia vi converrà informarvi poco prima della partenza.</p>



<p>Adesso negli USA la benzina ha un costo medio di 0,70 dollari al litro.</p>



<p><strong>Costo totale: circa 2000 euro</strong></p>



<h3><strong>Prenotare hotel il giorno stesso</strong></h3>



<p>Perché&nbsp;<strong>prenotare i motel il giorno stesso</strong>, rischiando, come mi è successo, di non trovare posto nemmeno in camping e di dover dormire in auto, è&nbsp;<strong>un’esperienza che ti dà i brividi</strong>.</p>



<p>Qui potete consultare le&nbsp;<a href="https://www.booking.com/region/us/california.en.html?aid=1206606&amp;no_rooms=1&amp;group_adults=1" target="_blank" rel="noreferrer noopener"><strong>migliori offerte di Booking per gli hotel in California</strong></a>, così come ho fatto io.</p>



<p><strong>E’ emozione allo stato puro</strong>: ovvero la massima ambizione di un viaggio.</p>



<p>L’unica cosa che vi consiglio, è di&nbsp;<strong>fare un abbonamento per usare internet</strong>&nbsp;in modo da poter fare le&nbsp;<strong>prenotazioni online degli hotel</strong>&nbsp;e leggere informazioni sui luoghi dove vi capiterà di fermarvi.</p>



<p>Ecco una mappa con le&nbsp;<strong>migliori offerte di Booking per gli hotel in California</strong></p>



<p><ins><a href="https://www.booking.com/?aid=1675904" target="_blank" rel="noreferrer noopener">Booking.com</a></ins></p>
]]></content:encoded>
					
					<wfw:commentRss>/blog-viaggi-2/feed/</wfw:commentRss>
			<slash:comments>0</slash:comments>
		
		
			</item>
		<item>
		<title>Cosa vedere a Ubud e dintorni in tre giorni</title>
		<link>/blog-viaggi/</link>
					<comments>/blog-viaggi/#respond</comments>
		
		<dc:creator><![CDATA[Roberta]]></dc:creator>
		<pubDate>Wed, 01 Mar 2023 16:06:40 +0000</pubDate>
				<category><![CDATA[Viaggi]]></category>
		<guid isPermaLink="false">/?p=74</guid>

					<description><![CDATA[Cosa vedere a Ubud e dintorni in tre giorni Il mio itinerario durante il viaggio da sola a Bali in due settimane a giugno. Cosa vedere a Ubud Con Ubud è stato&#160;amore a prima vista. È sicuramente un posto&#160;piuttosto turistico&#160;ma riesce comunque a conservare un’atmosfera rilassante e pacifica. Il suo centro è&#160;ordinato e pulito,&#160;come non ti aspetti &#8230;<p class="read-more"> <a class="" href="/blog-viaggi/"> <span class="screen-reader-text">Cosa vedere a Ubud e dintorni in tre giorni</span> Leggi altro &#187;</a></p>]]></description>
										<content:encoded><![CDATA[
<h2 class="has-ast-global-color-1-color has-text-color">Cosa vedere a Ubud e dintorni in tre giorni</h2>



<p><em>Il mio itinerario durante il <a rel="noreferrer noopener" href="https://inviaggiodasola.com/viaggio-da-sola-a-bali-consigli-utili/" target="_blank"><strong>viaggio da sola a Bali</strong></a> in due settimane a giugno.</em></p>



<figure class="is-layout-flex wp-block-gallery-3 wp-block-gallery has-nested-images columns-default is-cropped">
<figure class="wp-block-image size-large"><img decoding="async" width="600" height="450" data-id="75"  src="/wp-content/uploads/2023/03/Ubud-Palazzo-Reale_compressed.jpg" alt="" class="wp-image-75" srcset="/wp-content/uploads/2023/03/Ubud-Palazzo-Reale_compressed.jpg 600w, /wp-content/uploads/2023/03/Ubud-Palazzo-Reale_compressed-300x225.jpg 300w" sizes="(max-width: 600px) 100vw, 600px" /></figure>
</figure>



<h2><strong>Cosa vedere a Ubud</strong></h2>



<p>Con Ubud è stato&nbsp;<strong>amore a prima vista</strong>. È sicuramente un posto&nbsp;<strong>piuttosto turistico</strong>&nbsp;ma riesce comunque a conservare un’<strong>atmosfera rilassante e pacifica.</strong></p>



<p>Il suo centro è&nbsp;<strong>ordinato e pulito,</strong>&nbsp;come non ti aspetti su un’affollata isola del sud-est asiatico.</p>



<p>Sulle strade principali si alternano&nbsp;<strong>negozi di artigianato tipico, spa, curatissimi lounge bar e negozi di abbigliamento alla moda</strong>&nbsp;ma originali al tempo stesso (vi dico solo che avrei voluto comprare tutto).</p>



<figure class="wp-block-image"><img decoding="async" src="https://inviaggiodasola.com/wp-content/uploads/2019/07/centro-di-Ubud.jpg" alt="cosa fare a Ubud" class="wp-image-6967"/></figure>



<p>Ubud resta uno dei&nbsp;<strong>centri spirituali di Bali più importanti</strong>&nbsp;e lo si percepisce passeggiando per la via principale,&nbsp;<strong>Raya Ubud.</strong></p>



<p>La strada è costellata di templi, che spuntano affascinanti e quasi nascosti, inaspettati portoni in stile indonesiano che si celano tra un edificio e l’altro e&nbsp;<strong>tantissime spa e centri yoga</strong>.</p>



<p><strong>La nightlife di Ubud finisce presto</strong>&nbsp;ma dato che ero in viaggio da sola, non mi è affatto dispiaciuto, anzi.</p>



<p>Allontanandosi dalla via principale si incontrano delle lunghe stradine circondante da alberi dove non passa quasi nessuno.</p>



<p>E’ proprio là, in quelle vie, che mi scoppiava il cuore dalla gioia di trovarmi in quell’esatto luogo in quel preciso momento.</p>
]]></content:encoded>
					
					<wfw:commentRss>/blog-viaggi/feed/</wfw:commentRss>
			<slash:comments>0</slash:comments>
		
		
			</item>
		<item>
		<title>Hotel con spa in Trentino Alto Adige per una vacanza relax</title>
		<link>/blog/</link>
					<comments>/blog/#respond</comments>
		
		<dc:creator><![CDATA[Roberta]]></dc:creator>
		<pubDate>Wed, 01 Mar 2023 16:02:45 +0000</pubDate>
				<category><![CDATA[Viaggi]]></category>
		<guid isPermaLink="false">/?p=70</guid>

					<description><![CDATA[Hotel con spa in Trentino Alto Adige per una vacanza relax Scoprite i migliori hotel con spa in Trentino Alto Adige e regalatevi una vacanza indimenticabile. Godetevi piscine termali, saune, trattamenti benessere e i paesaggi unici delle Dolomiti, da soli o in occasione di una vacanza romantica! Vacanze relax in Trentino Alto Adige, 10 Hotel &#8230;<p class="read-more"> <a class="" href="/blog/"> <span class="screen-reader-text">Hotel con spa in Trentino Alto Adige per una vacanza relax</span> Leggi altro &#187;</a></p>]]></description>
										<content:encoded><![CDATA[
<h2 class="has-text-align-left has-ast-global-color-1-color has-text-color">Hotel con spa in Trentino Alto Adige per una vacanza relax</h2>



<p class="has-text-align-left"><em>Scoprite i migliori hotel con spa in Trentino Alto Adige e regalatevi una vacanza indimenticabile. Godetevi piscine termali, saune, trattamenti benessere e i paesaggi unici delle Dolomiti, da soli o in occasione di una vacanza romantica!</em></p>



<figure class="is-layout-flex wp-block-gallery-5 wp-block-gallery has-nested-images columns-default is-cropped">
<figure class="wp-block-image size-large"><img decoding="async" width="1024" height="768" data-id="71"  src="/wp-content/uploads/2023/03/pexels-photo-3220731-1024x768.jpeg" alt="" class="wp-image-71" srcset="/wp-content/uploads/2023/03/pexels-photo-3220731-1024x768.jpeg 1024w, /wp-content/uploads/2023/03/pexels-photo-3220731-300x225.jpeg 300w, /wp-content/uploads/2023/03/pexels-photo-3220731-768x576.jpeg 768w, /wp-content/uploads/2023/03/pexels-photo-3220731-1536x1152.jpeg 1536w, /wp-content/uploads/2023/03/pexels-photo-3220731.jpeg 2000w" sizes="(max-width: 1024px) 100vw, 1024px" /></figure>
</figure>



<h2>Vacanze relax in Trentino Alto Adige, 10 Hotel con spa da provare</h2>



<p>Cosa c’è di più rilassante di passare qualche ora tra le acque benefiche delle terme e le bollicine di una vasca idromassaggio?</p>



<p>Dopo una giornata passata a&nbsp;<strong>camminare nella natura</strong>&nbsp;o magari&nbsp;<strong>sulle piste da sci</strong>, direi che è l’ideale conclusione della giornata.</p>



<p>Non so per voi ma per ma avere una bella spa in hotel è una grande valore aggiunto.</p>



<p>Se avete intenzione di passare le&nbsp;<strong>prossime vacanze in Trentino Alto Adige,</strong>&nbsp;ecco alcuni hotel con spa tra i più belli della regione!</p>



<p class="has-medium-font-size"><strong>1 –&nbsp;<a rel="noreferrer noopener" href="https://www.booking.com/hotel/it/chalet-al-foss.it.html?aid=1206606&amp;no_rooms=1&amp;group_adults=2&amp;label=trentinospa" target="_blank">Hotel Chalet Al Foss</a>&nbsp;– Vermiglio</strong></p>



<p>Vi sarà capitato probabilmente di ammirare le suggestive foto della sua piscina trasparente all’aperto sui social media.</p>



<p>Si trova vicino a Vermiglio, nella tranquilla Val di Sole, con vista sul ghiacciaio della Presanella.</p>



<p>La posizione è ottima per chi vuole sciare sul&nbsp;<strong>Passo Tonale</strong>&nbsp;che si trova a 6km e per raggiungere il quale c’è anche un servizio di navetta gratuita. Non distante ci sono le&nbsp;<strong>piste per lo sci di fondo di Velon e Stavel.</strong></p>



<figure class="wp-block-image"><a href="https://www.booking.com/hotel/it/chalet-al-foss.it.html?aid=1206606&amp;no_rooms=1&amp;group_adults=2&amp;label=trentinospa" target="_blank" rel="noreferrer noopener"><img decoding="async" src="https://inviaggiodasola.com/wp-content/uploads/2023/02/hotel-chalet-al-foss.jpg" alt="hotel chalet al foss trentino" class="wp-image-14461"/></a></figure>



<p>e camere sono arredate in accogliente stile alpino e il ristorante offre&nbsp;<strong>piatti classici italiani e internazionali</strong>&nbsp;con colazione a buffet all’aperto durante l’estate.</p>



<p>Il centro benessere ha una piscina coperta, sauna e bagno di vapore.</p>
]]></content:encoded>
					
					<wfw:commentRss>/blog/feed/</wfw:commentRss>
			<slash:comments>0</slash:comments>
		
		
			</item>
		<item>
		<title>Dove andare con i bambini a febbraio 2023: gli eventi per le famiglie</title>
		<link>/blog-2/</link>
					<comments>/blog-2/#respond</comments>
		
		<dc:creator><![CDATA[Roberta]]></dc:creator>
		<pubDate>Wed, 01 Mar 2023 15:40:56 +0000</pubDate>
				<category><![CDATA[Eventi]]></category>
		<guid isPermaLink="false">/?p=53</guid>

					<description><![CDATA[Dove andare con i bambini a febbraio 2023: gli eventi per le famiglie Febbraio è il mese del Carnevale, ma non solo! Gli eventi per bambini a febbraio parlano di neve, di entusiasmanti avventure nei musei e nei castelli, di cibi gustosi assaggiati all’aperto o in prestigiose location delle nostre città. Gli eventi di febbraio &#8230;<p class="read-more"> <a class="" href="/blog-2/"> <span class="screen-reader-text">Dove andare con i bambini a febbraio 2023: gli eventi per le famiglie</span> Leggi altro &#187;</a></p>]]></description>
										<content:encoded><![CDATA[
<h2 class="has-ast-global-color-1-color has-text-color">Dove andare con i bambini a febbraio 2023: gli eventi per le famiglie</h2>



<p><em>Febbraio è il mese del Carnevale, ma non solo! Gli eventi per bambini a febbraio parlano di neve, di entusiasmanti avventure nei musei e nei castelli, di cibi gustosi assaggiati all’aperto o in prestigiose location delle nostre città. Gli eventi di febbraio sono tutti da scoprire</em>.</p>



<figure class="is-layout-flex wp-block-gallery-7 wp-block-gallery has-nested-images columns-default is-cropped">
<figure class="wp-block-image size-large"><img decoding="async" width="1024" height="683" data-id="54"  src="/wp-content/uploads/2023/03/pexels-photo-754769-1024x683.webp" alt="" class="wp-image-54" srcset="/wp-content/uploads/2023/03/pexels-photo-754769-1024x683.webp 1024w, /wp-content/uploads/2023/03/pexels-photo-754769-300x200.webp 300w, /wp-content/uploads/2023/03/pexels-photo-754769-768x512.webp 768w, /wp-content/uploads/2023/03/pexels-photo-754769-1536x1024.webp 1536w, /wp-content/uploads/2023/03/pexels-photo-754769-2048x1365.webp 2048w" sizes="(max-width: 1024px) 100vw, 1024px" /></figure>
</figure>



<h2>A Roma si va a scuola di magia…</h2>



<figure class="wp-block-image alignleft"><img decoding="async" src="https://familygo.b-cdn.net/wp-content/uploads/2022/02/Supermagic-Incantesimi.jpg" alt="Supermagic, festival di magia a Roma" class="wp-image-108674"/></figure>



<p><strong>Dal 2 al 12 febbraio</strong>&nbsp;arriva al Teatro Brancaccio di&nbsp;<strong><a rel="noreferrer noopener" href="https://www.familygo.eu/vacanze-con-bambini/viaggi/roma/roma_itinerari_bambini/" target="_blank">Roma</a></strong>&nbsp;<a href="https://www.supermagic.it/supermagic-incantesimi-2023/">Supermagic 2023 Incantesimi</a>, la 19° edizione del festival internazionale della magia che porta ogni anno nella Capitale i più grandi artisti, prestigiatori e illusionisti, dai migliori varietà e spettacoli di tutto il mondo. Gli spettacoli si tengono dal lunedì al venerdì alle 21, il sabato alle 16.30 e 21, la domenica alle 15 e 18.30.</p>



<p></p>



<p></p>



<h2>“Notte con gli squali” all’Acquario di Genova</h2>



<p>All’<strong>Acquario di&nbsp;<a href="https://www.familygo.eu/vacanze-con-bambini/viaggi/genova/weekend-a-genova-con-i-bambini/">Genova</a></strong>&nbsp;i bambini tra i 7 e gli 11 anni possono trascorrere una suggestiva esperienza alla scoperta dell’ambiente marino notturno. L’appuntamento di “<a href="https://www.familygo.eu/vacanze-con-bambini/eventi/genova/acquario-notte-con-gli-squali-date/">Notte con gli squali</a>” prevede una visita dell’Acquario per osservare come i suoi ospiti si comportano al calare del sole, la nanna davanti alla vasca dei predatori del mare, il risveglio e la colazione finale. Appuntamento almeno una volta al mese a partire dal 6 gennaio. Gli altri appuntamenti del mese:&nbsp;<strong>4 e 25 febbraio</strong>. Prenotazione presso C-Way, tour operator dell’edutainment.</p>



<h2>Il MUSE per i piccoli: a Trento scienza e scoperte per bambini da 0 a 6 anni</h2>



<figure class="wp-block-image alignleft"><img decoding="async" src="https://familygo.b-cdn.net/wp-content/uploads/2023/01/Muse_Shooting_4AprileMichelePurin_Web_59.jpg" alt="Il MUSE per i piccoli: attività per bambini 0-6 anni" class="wp-image-109505"/></figure>



<p>Al&nbsp;<strong><a href="https://www.familygo.eu/vacanze-con-bambini/musei/trento/muse-trento-con-bambini-recensione/">MUSE – Museo delle Scienze&nbsp;di&nbsp;Trento</a></strong>&nbsp;sono in arrivo tre mesi dedicati ai più piccoli. Nel&nbsp;Trentino&nbsp;terra dei bambini e nel museo interattivo a misura di famiglia dove toccare, curiosare, scoprire è d’obbligo,&nbsp;<strong>dal 9 febbraio al 24 maggio</strong>, ogni mese sono in programma tre&nbsp;appuntamenti dedicati all’esplorazione dei sensi&nbsp;nello&nbsp;spazio Maxi Ooh. Destinatari di&nbsp;<a href="https://www.familygo.eu/vacanze-con-bambini/musei/trento/muse-per-i-piccoli/">MUSE per i piccoli</a>&nbsp;sono appunto i più piccolini, i bambini della&nbsp;fascia 0-6 anni, per i quali ogni giorno porta con sé una scoperta e una conquista. Questo il calendario del mese:&nbsp;<strong>giovedì 9 febbraio</strong>&nbsp;(ore 16.30) “Ottone, primitivo col nasone” (per bambini da 3 a 6 anni);&nbsp;<strong>mercoledì 15 febbraio</strong>&nbsp;(ore 16.30) “I balli plastici di Depero” (per bambini da 2 a 6 anni);&nbsp;<strong>giovedì 23 febbraio</strong>&nbsp;(ore 16.30) “Il signor formica” (per bambini da 3 a 6 anni).</p>



<p></p>



<h2>Febbraio al MUSME, il Museo di Storia della Medicina di Padova</h2>



<figure class="wp-block-image alignleft"><img decoding="async" src="https://familygo.b-cdn.net/wp-content/uploads/2017/09/veneto-padova-museo-della-medicina-musme7-300x200.jpg" alt="" class="wp-image-40953"/></figure>



<p>A&nbsp;<strong><a href="https://www.familygo.eu/vacanze-con-bambini/destinazioni/europa/italia/veneto/padova/">Padova</a></strong>, in un palazzo&nbsp;quattrocentesco che fu sede del primo ospedale padovano di San Francesco Grande, ha sede il&nbsp;<a href="https://www.familygo.eu/vacanze-con-bambini/musei/padova/musme-con-bambini-museo-medicina/"><strong>MUSME – Museo di Storia della Medicina</strong></a>, una realtà museale di nuova generazione che racconta ai bambini, e agli adulti, il percorso della Medicina da disciplina antica a scienza moderna, con particolare attenzione alla storia della Scuola medica padovana. Ricco il calendario di proposte didattiche per le famiglie e i bambini da 6 a 10 anni, “<a href="https://www.musme.it/esperimusme/">EsperiMUSME</a>“, laboratori didattici con lo scopo di avvicinare i bambini che frequentano la scuola primaria a tematiche quali il corpo umano, l’igiene, l’alimentazione, i cinque sensi, la genetica. Tutti i laboratori prevedono due momenti: uno più scientifico, ricco di spiegazioni e confronti sul tema trattato, l’altro più ludico, per coinvolgere con giochi ed esperimenti ogni fascia d’età. Prossimi appuntamenti:&nbsp;<strong>11 febbraio&nbsp;</strong>(ore 15.30),<strong>&nbsp;16 febbraio&nbsp;</strong>(ore 16.30) e<strong>&nbsp;21 febbraio</strong>&nbsp;(ore 17).</p>
]]></content:encoded>
					
					<wfw:commentRss>/blog-2/feed/</wfw:commentRss>
			<slash:comments>0</slash:comments>
		
		
			</item>
	</channel>
</rss>
